sensor_a,sensor_b,pair_distance_m
S0,S1,5.44426303552648
S0,S2,6.522269543648131
S0,S3,8.331266410336427
S0,S4,5.968249324550709
S1,S2,6.998571282769077
S1,S3,4.725462940284264
S1,S4,4.8559242168715935
S2,S3,5.974110812497539
S2,S4,4.569463863518345
S3,S4,6.419501538281614
