sensor_id,x_m,y_m,z_m,true_distance_m,estimated_distance_m,true_arrival_s,measured_arrival_s,tdoa_ms
S0,0.0,0.0,0.0,4.796873982084582,4.831348971508455,0.013985055341354467,0.014029316188465566,5.175855860731554
S1,5.2,0.8,1.4,3.5735136770411273,3.573218075598405,0.010418407221694249,0.010435815270431806,1.582354942697794
S2,0.7,6.1,2.2,3.4336569426778785,3.4304136917101804,0.010010661640460288,0.010006022441430966,1.152562113696954
S3,6.4,5.3,0.6,4.2731721238443,4.231520547469896,0.012458227766309912,0.012272712878732186,3.4192525509981735
S4,2.3,2.7,4.8,3.024896692450835,3.046666060277104,0.008818940794317304,0.008853460327734012,0.0
